date,platform,followers,impressions,reach,engagement,likes,comments,shares,saves,clicks
2024-01-01,Instagram,43296,189097,132283,22477,11038,588,495,780.0,
2024-01-02,Instagram,34951,152649,106785,18144,8911,475,400,630.0,
2024-01-03,Instagram,42849,187144,130916,22244,10924,582,490,772.0,
2024-01-04,Instagram,42311,184795,129273,21965,10787,575,484,763.0,
2024-01-05,Instagram,47900,209207,146351,24867,12212,651,548,863.0,
2024-01-06,Instagram,37181,194867,136319,23162,11375,606,510,804.0,
2024-01-07,Instagram,37849,198368,138768,23579,11580,617,519,819.0,
2024-01-08,Instagram,38331,167414,117114,19899,9773,521,438,691.0,
2024-01-09,Instagram,47556,207704,145299,24688,12125,646,544,857.0,
2024-01-10,Instagram,47524,207565,145202,24672,12116,646,544,857.0,
2024-01-11,Instagram,38606,168616,117955,20042,9843,524,441,696.0,
2024-01-12,Instagram,36221,158197,110666,18804,9234,492,414,653.0,
2024-01-13,Instagram,45698,239506,167546,28468,13981,745,627,989.0,
2024-01-14,Instagram,38047,199409,139497,23702,11640,620,522,823.0,
2024-01-15,Instagram,35262,154009,107737,18306,8990,479,403,635.0,
2024-01-16,Instagram,37079,161943,113287,19249,9453,504,424,668.0,
2024-01-17,Instagram,44403,193933,135666,23052,11321,603,508,800.0,
2024-01-18,Instagram,45921,200563,140303,23839,11708,624,525,828.0,
2024-01-19,Instagram,45013,196596,137528,23368,11476,611,515,811.0,
2024-01-20,Instagram,36419,190873,133525,22688,11142,594,500,788.0,
2024-01-21,Instagram,47401,248429,173788,29529,14502,773,651,1025.0,
2024-01-22,Instagram,41823,182664,127782,21712,10663,568,478,754.0,
2024-01-23,Instagram,36165,157953,110496,18775,9220,491,414,652.0,
2024-01-24,Instagram,34638,151285,105831,17982,8831,470,396,624.0,
2024-01-25,Instagram,47028,205399,143686,24414,11990,639,538,848.0,
2024-01-26,Instagram,34911,152477,106665,18124,8901,474,399,629.0,
2024-01-27,Instagram,37450,196280,137307,23330,11458,610,514,810.0,
2024-01-28,Instagram,44454,232988,162987,27694,13601,725,610,962.0,
2024-01-29,Instagram,33809,147664,103298,17552,8620,459,387,609.0,
2024-01-30,Instagram,40210,175618,122853,20874,10251,546,460,725.0,
2024-01-31,Instagram,48088,210026,146923,24964,12260,653,550,867.0,
2024-02-01,Instagram,44479,194265,135898,23091,11340,604,509,802.0,
2024-02-02,Instagram,41149,179719,125722,21362,10491,559,471,742.0,
2024-02-03,Instagram,37903,198650,138965,23612,11596,618,520,820.0,
2024-02-04,Instagram,41281,216359,151354,25717,12630,673,567,893.0,
2024-02-05,Instagram,41438,180982,126605,21512,10565,563,474,747.0,
2024-02-06,Instagram,37357,163161,114139,19394,9524,507,427,673.0,
2024-02-07,Instagram,35892,156759,109660,18633,9151,487,410,647.0,
2024-02-08,Instagram,39444,172276,120515,20477,10056,536,451,711.0,
2024-02-09,Instagram,34750,151774,106173,18040,8860,472,397,626.0,
2024-02-10,Instagram,42497,222728,155809,26474,13002,693,583,919.0,
2024-02-11,Instagram,35997,188662,131978,22425,11013,587,494,779.0,
2024-02-12,Instagram,49555,216432,151404,25726,12634,673,567,893.0,
2024-02-13,Instagram,40174,175462,122744,20856,10242,546,459,724.0,
2024-02-14,Instagram,42591,186019,130129,22111,10859,578,487,768.0,
2024-02-15,Instagram,34418,150321,105157,17867,8775,467,394,620.0,
2024-02-16,Instagram,39634,173104,121094,20576,10105,538,453,714.0,
2024-02-17,Instagram,40034,209821,146780,24940,12248,653,549,866.0,
2024-02-18,Instagram,48169,252459,176607,30008,14737,785,661,1042.0,
2024-02-19,Instagram,37492,163747,114549,19463,9558,509,429,676.0,
2024-02-20,Instagram,50206,219279,153396,26064,12800,682,574,905.0,
2024-02-21,Instagram,38456,167959,117495,19964,9804,522,440,693.0,
2024-02-22,Instagram,40339,176185,123250,20942,10285,548,461,727.0,
2024-02-23,Instagram,38480,168063,117568,19976,9810,523,440,693.0,
2024-02-24,Instagram,34198,179232,125382,21304,10462,557,469,740.0,
2024-02-25,Instagram,35404,185556,129805,22056,10832,577,486,766.0,
2024-02-26,Instagram,49655,216872,151713,25778,12660,675,568,895.0,
2024-02-27,Instagram,44614,194856,136311,23161,11374,606,510,804.0,
2024-02-28,Instagram,41853,182795,127874,21728,10670,568,479,754.0,
2024-02-29,Instagram,49928,218061,152544,25919,12729,678,571,900.0,
2024-03-01,Instagram,36867,161020,112641,19139,9399,501,422,664.0,
2024-03-02,Instagram,39931,209282,146403,24876,12217,651,548,864.0,
2024-03-03,Instagram,49522,259550,181568,30851,15151,807,680,1071.0,
2024-03-04,Instagram,39893,174237,121887,20710,10171,542,456,719.0,
2024-03-05,Instagram,39193,171177,119746,20347,9992,532,448,706.0,
2024-03-06,Instagram,45820,200122,139995,23787,11682,622,524,826.0,
2024-03-07,Instagram,42680,186406,130400,22157,10881,580,488,769.0,
2024-03-08,Instagram,42979,187712,131314,22312,10957,584,492,775.0,
2024-03-09,Instagram,46468,243541,170369,28948,14217,758,638,1005.0,
2024-03-10,Instagram,51636,270630,189319,32168,15798,842,709,1117.0,
2024-03-11,Instagram,43003,187817,131387,22324,10964,584,492,775.0,
2024-03-12,Instagram,37633,164365,114981,19537,9595,511,430,678.0,
2024-03-13,Instagram,38854,169698,118712,20171,9906,528,444,700.0,
2024-03-14,Instagram,38242,167023,116841,19853,9750,519,437,689.0,
2024-03-15,Instagram,48539,211996,148301,25198,12375,659,555,875.0,
2024-03-16,Instagram,43223,226533,158471,26926,13224,705,593,935.0,
2024-03-17,Instagram,49420,259011,181191,30787,15120,806,678,1069.0,
2024-03-18,Instagram,48066,209930,146856,24953,12254,653,550,866.0,
2024-03-19,Instagram,38206,166868,116732,19834,9741,519,437,689.0,
2024-03-20,Instagram,42133,184018,128729,21873,10742,572,482,759.0,
2024-03-21,Instagram,45612,199213,139359,23679,11629,620,522,822.0,
2024-03-22,Instagram,47578,207800,145366,24700,12130,646,544,858.0,
2024-03-23,Instagram,44445,232942,162954,27688,13598,725,610,961.0,
2024-03-24,Instagram,36476,191173,133735,22723,11159,595,501,789.0,
2024-03-25,Instagram,37419,163430,114327,19426,9540,508,428,674.0,
2024-03-26,Instagram,50150,219032,153223,26035,12786,681,574,904.0,
2024-03-27,Instagram,39846,174030,121742,20686,10159,541,456,718.0,
2024-03-28,Instagram,39853,174062,121765,20690,10161,541,456,718.0,
2024-03-29,Instagram,40916,178701,125010,21241,10431,556,468,737.0,
2024-03-30,Instagram,41546,217745,152323,25882,12711,677,570,899.0,
2024-03-31,Instagram,52876,277126,193863,32940,16177,862,726,1144.0,
2024-04-01,Instagram,35566,155335,108665,18464,9067,483,407,641.0,
2024-04-02,Instagram,42602,186068,130164,22117,10861,579,487,768.0,
2024-04-03,Instagram,43261,188944,132176,22458,11029,588,495,780.0,
2024-04-04,Instagram,36588,159802,111789,18994,9328,497,418,659.0,
2024-04-05,Instagram,41111,179554,125607,21342,10481,558,470,741.0,
2024-04-06,Instagram,44905,235351,164640,27975,13738,732,616,971.0,
2024-04-07,Instagram,40511,212321,148529,25237,12394,660,556,876.0,
2024-04-08,Instagram,42732,186632,130558,22184,10894,580,489,770.0,
2024-04-09,Instagram,35928,156918,109771,18652,9160,488,411,647.0,
2024-04-10,Instagram,50645,221193,154735,26292,12912,688,579,913.0,
2024-04-11,Instagram,39495,172496,120670,20503,10069,536,452,712.0,
2024-04-12,Instagram,53091,231878,162210,27562,13536,721,607,957.0,
2024-04-13,Instagram,53594,280889,196496,33387,16397,874,736,1159.0,
2024-04-14,Instagram,47007,246367,172346,29284,14382,766,645,1017.0,
2024-04-15,Instagram,43446,189752,132741,22555,11077,590,497,783.0,
2024-04-16,Instagram,37305,162933,113979,19367,9511,507,427,672.0,
2024-04-17,Instagram,44229,193174,135134,22961,11276,601,506,797.0,
2024-04-18,Instagram,53501,233667,163462,27774,13640,727,612,964.0,
2024-04-19,Instagram,42821,187024,130832,22230,10917,582,490,772.0,
2024-04-20,Instagram,43987,230538,161273,27403,13457,717,604,951.0,
2024-04-21,Instagram,52509,275200,192516,32711,16065,856,721,1136.0,
2024-04-22,Instagram,49996,218358,152752,25955,12746,679,572,901.0,
2024-04-23,Instagram,36524,159521,111592,18961,9312,496,418,658.0,
2024-04-24,Instagram,41530,181383,126886,21560,10588,564,475,749.0,
2024-04-25,Instagram,37018,161677,113101,19217,9438,503,423,667.0,
2024-04-26,Instagram,47627,208013,145515,24725,12143,647,545,858.0,
2024-04-27,Instagram,48132,252262,176469,29985,14726,785,661,1041.0,
2024-04-28,Instagram,42203,221190,154733,26291,12912,688,579,913.0,
2024-04-29,Instagram,54297,237143,165893,28188,13843,738,621,979.0,
2024-04-30,Instagram,37589,164174,114848,19514,9583,511,430,677.0,
2024-05-01,Instagram,38992,170299,119132,20242,9941,530,446,703.0,
2024-05-02,Instagram,41395,180796,126476,21490,10554,562,473,746.0,
2024-05-03,Instagram,43527,190107,132989,22597,11097,591,498,785.0,
2024-05-04,Instagram,53460,280184,196002,33304,16356,872,734,1156.0,
2024-05-05,Instagram,46322,242777,169834,28857,14172,755,636,1002.0,
2024-05-06,Instagram,44396,193901,135643,23048,11319,603,508,800.0,
2024-05-07,Instagram,37955,165770,115964,19704,9677,515,434,684.0,
2024-05-08,Instagram,44184,192974,134994,22937,11265,600,505,796.0,
2024-05-09,Instagram,51201,223621,156434,26580,13054,696,586,923.0,
2024-05-10,Instagram,52683,230097,160964,27350,13432,716,603,950.0,
2024-05-11,Instagram,39417,206587,144518,24556,12059,643,541,853.0,
2024-05-12,Instagram,48113,252165,176402,29973,14720,784,660,1041.0,
2024-05-13,Instagram,48267,210807,147470,25057,12306,656,552,870.0,
2024-05-14,Instagram,51800,226239,158265,26892,13207,704,593,934.0,
2024-05-15,Instagram,51216,223688,156481,26588,13058,696,586,923.0,
2024-05-16,Instagram,46399,202652,141765,24088,11830,630,531,836.0,
2024-05-17,Instagram,54770,239211,167340,28433,13964,744,627,987.0,
2024-05-18,Instagram,42204,221194,154736,26292,12912,688,579,913.0,
2024-05-19,Instagram,38199,200204,140053,23797,11687,623,524,826.0,
2024-05-20,Instagram,42918,187449,131129,22281,10942,583,491,774.0,
2024-05-21,Instagram,53999,235841,164983,28033,13767,734,618,973.0,
2024-05-22,Instagram,38268,167138,116921,19866,9756,520,438,690.0,
2024-05-23,Instagram,52519,229379,160461,27265,13390,713,601,947.0,
2024-05-24,Instagram,41435,180969,126596,21510,10564,563,474,747.0,
2024-05-25,Instagram,54048,283266,198158,33670,16536,881,742,1169.0,
2024-05-26,Instagram,40729,213464,149328,25373,12461,664,559,881.0,
2024-05-27,Instagram,55105,240673,168363,28607,14049,749,630,993.0,
2024-05-28,Instagram,43647,190629,133354,22659,11128,593,499,787.0,
2024-05-29,Instagram,51567,225220,157552,26770,13147,701,590,930.0,
2024-05-30,Instagram,49101,214450,150018,25490,12518,667,562,885.0,
2024-05-31,Instagram,47559,207715,145307,24690,12125,646,544,857.0,
2024-06-01,Instagram,55871,292823,204844,34806,17093,911,767,1209.0,
2024-06-02,Instagram,42706,223827,156578,26605,13066,696,586,924.0,
2024-06-03,Instagram,47247,206352,144354,24528,12046,642,540,852.0,
2024-06-04,Instagram,47460,207282,145004,24638,12100,645,543,855.0,
2024-06-05,Instagram,51582,225285,157598,26778,13151,701,590,930.0,
2024-06-06,Instagram,49869,217803,152364,25889,12714,677,570,899.0,
2024-06-07,Instagram,53922,235509,164750,27993,13748,733,617,972.0,
2024-06-08,Instagram,47333,248077,173542,29487,14481,772,650,1024.0,
2024-06-09,Instagram,52214,273655,191435,32528,15974,851,717,1130.0,
2024-06-10,Instagram,45518,198800,139070,23630,11605,618,521,820.0,
2024-06-11,Instagram,47957,209457,146525,24897,12227,651,549,864.0,
2024-06-12,Instagram,51911,226725,158605,26949,13235,705,594,936.0,
2024-06-13,Instagram,54656,238711,166990,28374,13935,743,625,985.0,
2024-06-14,Instagram,50074,218702,152993,25996,12767,680,573,903.0,
2024-06-15,Instagram,40396,211719,148108,25166,12359,658,554,874.0,
2024-06-16,Instagram,44862,235124,164481,27948,13725,731,616,970.0,
2024-06-17,Instagram,54556,238276,166686,28322,13909,741,624,983.0,
2024-06-18,Instagram,42201,184313,128936,21908,10759,573,483,761.0,
2024-06-19,Instagram,46615,203592,142423,24200,11884,633,533,840.0,
2024-06-20,Instagram,55875,244036,170715,29007,14245,759,639,1007.0,
2024-06-21,Instagram,41610,181732,127131,21601,10608,565,476,750.0,
2024-06-22,Instagram,41084,215324,150630,25594,12569,670,564,889.0,
2024-06-23,Instagram,40774,213701,149494,25401,12475,665,560,882.0,
2024-06-24,Instagram,46609,203568,142406,24197,11883,633,533,840.0,
2024-06-25,Instagram,48353,211185,147734,25102,12328,657,553,872.0,
2024-06-26,Instagram,52573,229613,160626,27293,13403,714,601,948.0,
2024-06-27,Instagram,40171,175451,122736,20855,10242,546,459,724.0,
2024-06-28,Instagram,43359,189374,132476,22510,11054,589,496,782.0,
2024-06-29,Instagram,43809,229606,160620,27292,13403,714,601,948.0,
2024-06-30,Instagram,41536,217690,152285,25875,12707,677,570,898.0,
2024-07-01,Instagram,40148,175349,122665,20842,10236,545,459,724.0,
2024-07-02,Instagram,55810,243752,170517,28973,14229,758,638,1006.0,
2024-07-03,Instagram,38732,169162,118337,20107,9875,526,443,698.0,
2024-07-04,Instagram,55401,241967,169268,28761,14125,753,634,999.0,
2024-07-05,Instagram,44388,193865,135618,23043,11317,603,508,800.0,
2024-07-06,Instagram,56403,295610,206793,35137,17256,920,774,1220.0,
2024-07-07,Instagram,57366,300659,210325,35737,17551,935,788,1241.0,
2024-07-08,Instagram,52706,230198,161035,27362,13438,716,603,950.0,
2024-07-09,Instagram,49933,218085,152561,25922,12731,678,571,900.0,
2024-07-10,Instagram,46185,201714,141108,23976,11775,627,528,832.0,
2024-07-11,Instagram,50694,221410,154887,26317,12925,689,580,914.0,
2024-07-12,Instagram,50226,219367,153458,26075,12805,682,574,905.0,
2024-07-13,Instagram,40140,210377,147169,25006,12281,654,551,868.0,
2024-07-14,Instagram,47789,250467,175214,29771,14621,779,656,1034.0,
2024-07-15,Instagram,47518,207537,145182,24668,12115,645,543,857.0,
2024-07-16,Instagram,55951,244366,170946,29046,14265,760,640,1009.0,
2024-07-17,Instagram,52470,229165,160312,27239,13377,713,600,946.0,
2024-07-18,Instagram,55269,241389,168863,28692,14091,751,632,996.0,
2024-07-19,Instagram,58301,254633,178128,30267,14864,792,667,1051.0,
2024-07-20,Instagram,54396,285093,199436,33887,16642,887,747,1177.0,
2024-07-21,Instagram,52877,277129,193865,32941,16177,862,726,1144.0,
2024-07-22,Instagram,56860,248337,173724,29518,14497,772,650,1025.0,
2024-07-23,Instagram,50718,221514,154960,26330,12931,689,580,914.0,
2024-07-24,Instagram,48565,212108,148380,25212,12382,660,555,875.0,
2024-07-25,Instagram,52487,229239,160364,27248,13382,713,600,946.0,
2024-07-26,Instagram,48517,211901,148235,25187,12370,659,555,875.0,
2024-07-27,Instagram,43346,227177,158922,27003,13261,707,595,938.0,
2024-07-28,Instagram,40395,211713,148103,25165,12359,658,554,874.0,
2024-07-29,Instagram,51011,222791,155853,26482,13005,693,583,919.0,
2024-07-30,Instagram,53102,231924,162242,27567,13538,721,607,957.0,
2024-07-31,Instagram,53979,235757,164924,28023,13762,733,617,973.0,
2024-08-01,Instagram,41559,181511,126976,21575,10595,564,475,749.0,
2024-08-02,Instagram,49128,214570,150102,25505,12525,667,562,886.0,
2024-08-03,Instagram,53228,278969,195152,33159,16285,868,731,1151.0,
2024-08-04,Instagram,46652,244503,171042,29063,14273,761,640,1009.0,
2024-08-05,Instagram,57827,252562,176679,30020,14743,786,661,1042.0,
2024-08-06,Instagram,44990,196496,137459,23356,11470,611,515,811.0,
2024-08-07,Instagram,41798,182555,127706,21699,10656,568,478,753.0,
2024-08-08,Instagram,39908,174300,121931,20718,10175,542,456,719.0,
2024-08-09,Instagram,40024,174806,122285,20778,10204,544,458,721.0,
2024-08-10,Instagram,50397,264134,184774,31396,15419,822,692,1090.0,
2024-08-11,Instagram,40376,211616,148035,25153,12353,658,554,873.0,
2024-08-12,Instagram,54859,239598,167611,28479,13986,745,628,989.0,
2024-08-13,Instagram,48171,210387,147176,25007,12281,654,551,868.0,
2024-08-14,Instagram,47771,208641,145954,24800,12179,649,546,861.0,
2024-08-15,Instagram,48641,212442,148613,25252,12401,661,556,877.0,
2024-08-16,Instagram,54288,237107,165868,28183,13841,738,621,979.0,
2024-08-17,Instagram,51157,268117,187561,31869,15651,834,702,1107.0,
2024-08-18,Instagram,46362,242987,169981,28882,14184,756,636,1003.0,
2024-08-19,Instagram,56752,247868,173396,29463,14469,771,649,1023.0,
2024-08-20,Instagram,55089,240604,168314,28599,14045,748,630,993.0,
2024-08-21,Instagram,50300,219689,153683,26113,12824,683,575,907.0,
2024-08-22,Instagram,45049,196754,137639,23387,11485,612,515,812.0,
2024-08-23,Instagram,58479,255408,178671,30359,14909,794,669,1054.0,
2024-08-24,Instagram,43154,226174,158220,26884,13203,703,592,933.0,
2024-08-25,Instagram,42644,223501,156350,26566,13047,695,585,922.0,
2024-08-26,Instagram,51063,223022,156015,26509,13019,694,584,920.0,
2024-08-27,Instagram,47098,205702,143898,24450,12008,640,539,849.0,
2024-08-28,Instagram,42739,186665,130581,22188,10896,581,489,770.0,
2024-08-29,Instagram,53541,233840,163583,27795,13650,727,612,965.0,
2024-08-30,Instagram,49584,216558,151493,25741,12641,674,567,894.0,
2024-08-31,Instagram,40867,214187,149834,25459,12503,666,561,884.0,
2024-09-01,Instagram,47866,250868,175494,29819,14644,780,657,1035.0,
2024-09-02,Instagram,47235,206303,144319,24522,12043,642,540,851.0,
2024-09-03,Instagram,44268,193341,135251,22981,11286,601,506,798.0,
2024-09-04,Instagram,40538,177052,123856,21045,10335,551,464,731.0,
2024-09-05,Instagram,49138,214614,150133,25510,12528,668,562,886.0,
2024-09-06,Instagram,44602,194803,136274,23155,11371,606,510,804.0,
2024-09-07,Instagram,48205,252646,176738,30030,14748,786,662,1043.0,
2024-09-08,Instagram,41203,215948,151066,25668,12606,672,566,891.0,
2024-09-09,Instagram,42369,185048,129450,21995,10802,575,485,764.0,
2024-09-10,Instagram,50488,220510,154258,26211,12872,686,577,910.0,
2024-09-11,Instagram,56027,244699,171179,29086,14284,761,641,1010.0,
2024-09-12,Instagram,46766,204255,142886,24278,11923,635,535,843.0,
2024-09-13,Instagram,41289,180333,126152,21435,10527,561,472,744.0,
2024-09-14,Instagram,58248,305283,213560,36287,17821,950,800,1260.0,
2024-09-15,Instagram,52106,273089,191039,32460,15941,850,715,1127.0,
2024-09-16,Instagram,55052,240443,168202,28580,14036,748,630,992.0,
2024-09-17,Instagram,58531,255636,178830,30386,14923,795,670,1055.0,
2024-09-18,Instagram,52132,227687,159278,27064,13291,708,596,940.0,
2024-09-19,Instagram,58144,253948,177649,30185,14824,790,665,1048.0,
2024-09-20,Instagram,42642,186240,130284,22137,10872,579,488,769.0,
2024-09-21,Instagram,46328,242807,169855,28861,14174,755,636,1002.0,
2024-09-22,Instagram,56624,296769,207605,35275,17324,923,777,1225.0,
2024-09-23,Instagram,45263,197686,138291,23498,11540,615,518,816.0,
2024-09-24,Instagram,49968,218238,152668,25941,12739,679,572,901.0,
2024-09-25,Instagram,48287,210897,147533,25068,12311,656,552,870.0,
2024-09-26,Instagram,43519,190073,132965,22593,11095,591,498,784.0,
2024-09-27,Instagram,43086,188179,131640,22368,10985,585,493,777.0,
2024-09-28,Instagram,42404,222240,155468,26416,12973,691,582,917.0,
2024-09-29,Instagram,48800,255765,178920,30401,14930,796,670,1056.0,
2024-09-30,Instagram,53010,231523,161962,27520,13515,720,606,956.0,
2024-10-01,Instagram,51179,223527,156368,26569,13048,695,585,923.0,
2024-10-02,Instagram,55775,243601,170411,28955,14220,758,638,1005.0,
2024-10-03,Instagram,51268,223916,156640,26615,13071,696,586,924.0,
2024-10-04,Instagram,61782,269837,188764,32074,15752,839,707,1114.0,
2024-10-05,Instagram,56392,295551,206752,35130,17253,919,774,1220.0,
2024-10-06,Instagram,55847,292699,204757,34791,17086,911,767,1208.0,
2024-10-07,Instagram,54693,238874,167104,28393,13944,743,626,986.0,
2024-10-08,Instagram,43364,189394,132490,22512,11056,589,496,782.0,
2024-10-09,Instagram,48679,212609,148730,25271,12411,661,557,877.0,
2024-10-10,Instagram,48163,210353,147152,25003,12279,654,551,868.0,
2024-10-11,Instagram,54246,236922,165738,28161,13830,737,621,978.0,
2024-10-12,Instagram,55881,292874,204879,34812,17096,911,767,1209.0,
2024-10-13,Instagram,56847,297937,208422,35414,17392,927,780,1230.0,
2024-10-14,Instagram,54046,236049,165128,28058,13779,734,618,974.0,
2024-10-15,Instagram,51521,225018,157411,26746,13135,700,589,929.0,
2024-10-16,Instagram,60466,264090,184743,31391,15416,821,692,1090.0,
2024-10-17,Instagram,52168,227846,159389,27082,13300,709,597,940.0,
2024-10-18,Instagram,53334,232940,162953,27688,13598,725,610,961.0,
2024-10-19,Instagram,51779,271375,189840,32257,15841,844,711,1120.0,
2024-10-20,Instagram,60241,315727,220866,37528,18430,982,827,1303.0,
2024-10-21,Instagram,53850,235192,164528,27956,13729,732,616,971.0,
2024-10-22,Instagram,62975,275048,192409,32693,16056,856,720,1135.0,
2024-10-23,Instagram,54368,237456,166112,28225,13861,739,622,980.0,
2024-10-24,Instagram,50138,218981,153188,26029,12783,681,573,904.0,
2024-10-25,Instagram,50340,219864,153806,26134,12834,684,576,907.0,
2024-10-26,Instagram,54887,287665,201235,34193,16792,895,754,1187.0,
2024-10-27,Instagram,45767,239866,167798,28511,14002,746,628,990.0,
2024-10-28,Instagram,55194,241063,168635,28654,14072,750,631,995.0,
2024-10-29,Instagram,42642,186242,130286,22137,10872,579,488,769.0,
2024-10-30,Instagram,47769,208632,145948,24799,12179,649,546,861.0,
2024-10-31,Instagram,60975,266309,186296,31654,15546,828,698,1099.0,
2024-11-01,Instagram,61442,268349,187723,31897,15665,835,703,1108.0,
2024-11-02,Instagram,46093,241574,168993,28714,14102,751,633,997.0,
2024-11-03,Instagram,55244,289539,202547,34416,16902,901,758,1195.0,
2024-11-04,Instagram,48913,213631,149445,25393,12471,664,559,882.0,
2024-11-05,Instagram,62558,273226,191135,32477,15949,850,716,1128.0,
2024-11-06,Instagram,58741,256556,179473,30495,14976,798,672,1059.0,
2024-11-07,Instagram,52061,227380,159064,27027,13273,707,595,938.0,
2024-11-08,Instagram,63492,277302,193986,32961,16187,863,726,1145.0,
2024-11-09,Instagram,60887,319114,223236,37931,18628,993,836,1317.0,
2024-11-10,Instagram,49794,260972,182562,31020,15234,812,684,1077.0,
2024-11-11,Instagram,58461,255331,178616,30350,14905,794,669,1054.0,
2024-11-12,Instagram,61221,267384,187048,31782,15608,832,700,1104.0,
2024-11-13,Instagram,47656,208138,145602,24740,12150,647,545,859.0,
2024-11-14,Instagram,52190,227942,159456,27094,13306,709,597,941.0,
2024-11-15,Instagram,44466,194209,135859,23084,11337,604,509,801.0,
2024-11-16,Instagram,52125,273192,191111,32473,15947,850,716,1128.0,
2024-11-17,Instagram,48919,256385,179354,30475,14966,798,672,1058.0,
2024-11-18,Instagram,46713,204023,142724,24251,11910,635,534,842.0,
2024-11-19,Instagram,57637,251731,176098,29922,14695,783,659,1039.0,
2024-11-20,Instagram,51472,224807,157263,26721,13123,699,589,928.0,
2024-11-21,Instagram,49125,214557,150093,25503,12525,667,562,885.0,
2024-11-22,Instagram,53269,232653,162752,27654,13581,724,609,960.0,
2024-11-23,Instagram,59353,311074,217612,36975,18159,968,815,1284.0,
2024-11-24,Instagram,50321,263735,184495,31348,15395,820,691,1089.0,
2024-11-25,Instagram,61959,270609,189304,32166,15797,842,709,1117.0,
2024-11-26,Instagram,57878,252786,176836,30047,14756,786,662,1043.0,
2024-11-27,Instagram,49862,217773,152343,25885,12712,677,570,899.0,
2024-11-28,Instagram,64204,280415,196164,33331,16369,872,735,1157.0,
2024-11-29,Instagram,50977,222646,155752,26464,12997,693,583,919.0,
2024-11-30,Instagram,51981,272434,190581,32383,15903,847,714,1124.0,
2024-12-01,Instagram,56081,293921,205612,34937,17158,914,770,1213.0,
2024-12-02,Instagram,47044,205465,143733,24422,11994,639,538,848.0,
2024-12-03,Instagram,63392,276865,193681,32909,16162,861,725,1143.0,
2024-12-04,Instagram,47501,207462,145130,24660,12110,645,543,856.0,
2024-12-05,Instagram,51229,223745,156521,26595,13061,696,586,923.0,
2024-12-06,Instagram,58724,256482,179421,30486,14972,798,672,1059.0,
2024-12-07,Instagram,55682,291834,204152,34688,17036,908,764,1205.0,
2024-12-08,Instagram,54393,285076,199425,33885,16641,887,747,1177.0,
2024-12-09,Instagram,54814,239402,167473,28456,13975,745,627,988.0,
2024-12-10,Instagram,48499,211821,148179,25178,12365,659,555,874.0,
2024-12-11,Instagram,49548,216405,151386,25723,12632,673,567,893.0,
2024-12-12,Instagram,65189,284717,199174,33843,16620,886,746,1175.0,
2024-12-13,Instagram,54457,237843,166383,28271,13884,740,623,982.0,
2024-12-14,Instagram,62746,328852,230048,39089,19197,1023,861,1357.0,
2024-12-15,Instagram,45538,238666,166959,28369,13932,742,625,985.0,
2024-12-16,Instagram,53465,233509,163351,27756,13631,726,612,964.0,
2024-12-17,Instagram,57605,251592,176001,29905,14687,783,659,1038.0,
2024-12-18,Instagram,64401,281272,196763,33433,16419,875,737,1161.0,
2024-12-19,Instagram,55329,241652,169047,28724,14106,752,633,997.0,
2024-12-20,Instagram,64236,280552,196260,33347,16377,873,735,1158.0,
2024-12-21,Instagram,54457,285412,199659,33925,16661,888,748,1178.0,
2024-12-22,Instagram,61534,322505,225608,38334,18826,1003,845,1331.0,
2024-12-23,Instagram,51368,224354,156947,26667,13096,698,588,926.0,
2024-12-24,Instagram,60780,265459,185702,31553,15496,826,695,1096.0,
2024-12-25,Instagram,57331,250395,175164,29763,14617,779,656,1033.0,
2024-12-26,Instagram,53501,233669,163463,27775,13640,727,612,964.0,
2024-12-27,Instagram,63550,277557,194165,32991,16202,863,727,1146.0,
2024-12-28,Instagram,61155,320518,224218,38098,18710,997,840,1323.0,
2024-12-29,Instagram,54675,286555,200459,34061,16728,891,751,1183.0,
2024-12-30,Instagram,60193,262897,183909,31249,15346,818,689,1085.0,
2024-12-31,Instagram,47710,208377,145770,24768,12164,648,546,860.0,
2024-01-01,Facebook,24726,164102,103395,19106,11593,718,188,,467.0
2024-01-02,Facebook,27599,183167,115408,21325,12940,801,210,,521.0
2024-01-03,Facebook,20874,138535,87286,16129,9787,606,158,,394.0
2024-01-04,Facebook,27795,184469,116228,21477,13032,807,211,,525.0
2024-01-05,Facebook,19950,132402,83422,15415,9354,579,151,,377.0
2024-01-06,Facebook,24298,193507,121922,22529,13670,846,221,,551.0
2024-01-07,Facebook,27282,217276,136898,25297,15350,950,249,,618.0
2024-01-08,Facebook,25593,169850,107017,19775,11999,743,194,,483.0
2024-01-09,Facebook,19822,131556,82889,15316,9294,575,150,,374.0
2024-01-10,Facebook,23909,158679,99979,18474,11210,694,182,,451.0
2024-01-11,Facebook,24955,165618,104350,19282,11700,724,189,,471.0
2024-01-12,Facebook,26575,176369,111124,20534,12460,771,202,,502.0
2024-01-13,Facebook,23873,190125,119791,22135,13432,831,218,,541.0
2024-01-14,Facebook,28285,225264,141931,26227,15914,985,258,,641.0
2024-01-15,Facebook,28028,186013,117201,21657,13141,813,213,,529.0
2024-01-16,Facebook,19595,130044,81937,15140,9187,569,149,,370.0
2024-01-17,Facebook,19375,128589,81019,14971,9084,562,147,,366.0
2024-01-18,Facebook,21077,139883,88136,16286,9882,612,160,,398.0
2024-01-19,Facebook,23666,157068,98963,18287,11096,687,180,,447.0
2024-01-20,Facebook,21596,171993,108367,20024,12151,752,197,,489.0
2024-01-21,Facebook,19806,157739,99386,18365,11144,690,180,,449.0
2024-01-22,Facebook,19435,128987,81270,15017,9112,564,147,,367.0
2024-01-23,Facebook,21809,144742,91197,16852,10225,633,166,,412.0
2024-01-24,Facebook,19593,130033,81929,15139,9186,568,149,,370.0
2024-01-25,Facebook,24230,160810,101321,18722,11360,703,184,,458.0
2024-01-26,Facebook,19873,131893,83102,15356,9318,577,151,,375.0
2024-01-27,Facebook,25001,199108,125451,23181,14066,871,228,,567.0
2024-01-28,Facebook,22373,178178,112264,20744,12588,779,204,,507.0
2024-01-29,Facebook,22890,151913,95715,17687,10732,664,174,,432.0
2024-01-30,Facebook,22102,146682,92420,17078,10362,641,168,,417.0
2024-01-31,Facebook,22793,151272,95311,17612,10687,661,173,,430.0
2024-02-01,Facebook,20161,133800,84303,15578,9452,585,153,,381.0
2024-02-02,Facebook,25888,171811,108252,20003,12138,751,197,,489.0
2024-02-03,Facebook,23265,185282,116740,21572,13089,810,212,,527.0
2024-02-04,Facebook,28694,228524,143985,26606,16144,999,262,,650.0
2024-02-05,Facebook,23595,156593,98664,18231,11063,685,179,,446.0
2024-02-06,Facebook,26274,174374,109867,20302,12319,763,200,,496.0
2024-02-07,Facebook,25412,168653,106263,19636,11915,737,193,,480.0
2024-02-08,Facebook,22060,146405,92245,17045,10343,640,167,,417.0
2024-02-09,Facebook,23465,155729,98120,18131,11002,681,178,,443.0
2024-02-10,Facebook,21221,169006,106485,19677,11940,739,193,,481.0
2024-02-11,Facebook,28703,228593,144029,26614,16149,1000,262,,651.0
2024-02-12,Facebook,24358,161659,101856,18821,11420,707,185,,460.0
2024-02-13,Facebook,29142,193406,121859,22517,13663,846,221,,550.0
2024-02-14,Facebook,22063,146427,92259,17048,10344,640,167,,417.0
2024-02-15,Facebook,27984,185721,117017,21623,13120,812,213,,529.0
2024-02-16,Facebook,24514,162691,102506,18941,11493,711,186,,463.0
2024-02-17,Facebook,26828,213658,134619,24875,15094,934,245,,608.0
2024-02-18,Facebook,19661,156582,98657,18230,11062,685,179,,446.0
2024-02-19,Facebook,24413,162023,102085,18864,11446,708,185,,461.0
2024-02-20,Facebook,27093,179806,113290,20934,12703,786,206,,512.0
2024-02-21,Facebook,27489,182439,114949,21241,12889,798,209,,519.0
2024-02-22,Facebook,27721,183975,115916,21419,12997,805,211,,524.0
2024-02-23,Facebook,25537,169479,106783,19732,11973,741,194,,482.0
2024-02-24,Facebook,28128,224014,141144,26081,15826,980,256,,638.0
2024-02-25,Facebook,22057,175667,110682,20452,12410,768,201,,500.0
2024-02-26,Facebook,27587,183090,115359,21316,12935,801,210,,521.0
2024-02-27,Facebook,27549,182832,115196,21286,12916,800,209,,520.0
2024-02-28,Facebook,28188,187072,117868,21780,13216,818,214,,532.0
2024-02-29,Facebook,22278,147852,93156,17214,10445,646,169,,421.0
2024-03-01,Facebook,28920,191931,120929,22346,13559,839,220,,546.0
2024-03-02,Facebook,22016,175340,110476,20414,12387,767,201,,499.0
2024-03-03,Facebook,23714,188862,118996,21988,13342,826,216,,537.0
2024-03-04,Facebook,28481,189019,119094,22007,13353,827,216,,538.0
2024-03-05,Facebook,25459,168962,106457,19672,11936,739,193,,481.0
2024-03-06,Facebook,23858,158340,99765,18435,11186,692,181,,451.0
2024-03-07,Facebook,23737,157536,99258,18341,11129,689,180,,448.0
2024-03-08,Facebook,22391,148606,93632,17302,10498,650,170,,423.0
2024-03-09,Facebook,28311,225473,142063,26251,15929,986,258,,642.0
2024-03-10,Facebook,22084,175881,110817,20477,12425,769,201,,500.0
2024-03-11,Facebook,25945,172192,108493,20048,12165,753,197,,490.0
2024-03-12,Facebook,25131,166785,105086,19418,11783,729,191,,475.0
2024-03-13,Facebook,21276,141201,88966,16439,9975,617,161,,402.0
2024-03-14,Facebook,24562,163014,102710,18979,11516,713,186,,464.0
2024-03-15,Facebook,24536,162840,102600,18959,11504,712,186,,463.0
2024-03-16,Facebook,22133,176272,111063,20523,12453,771,202,,502.0
2024-03-17,Facebook,27983,222859,140416,25947,15744,975,255,,634.0
2024-03-18,Facebook,23471,155771,98146,18136,11004,681,178,,443.0
2024-03-19,Facebook,22255,147704,93063,17196,10435,646,169,,420.0
2024-03-20,Facebook,27957,185539,116902,21602,13108,811,212,,528.0
2024-03-21,Facebook,25267,167690,105656,19523,11847,733,192,,477.0
2024-03-22,Facebook,28256,187528,118155,21833,13248,820,215,,534.0
2024-03-23,Facebook,23094,183919,115881,21413,12993,804,210,,523.0
2024-03-24,Facebook,27926,222407,140131,25894,15712,973,255,,633.0
2024-03-25,Facebook,22937,152226,95912,17723,10754,666,174,,433.0
2024-03-26,Facebook,20325,134890,84990,15705,9529,590,154,,384.0
2024-03-27,Facebook,20922,138854,87487,16166,9809,607,159,,395.0
2024-03-28,Facebook,30438,202008,127278,23519,14271,883,231,,575.0
2024-03-29,Facebook,25891,171832,108266,20006,12139,751,197,,489.0
2024-03-30,Facebook,21449,170822,107629,19888,12068,747,195,,486.0
2024-03-31,Facebook,24839,197818,124639,23031,13975,865,226,,563.0
2024-04-01,Facebook,21198,140687,88642,16380,9939,615,161,,400.0
2024-04-02,Facebook,27559,182899,115238,21294,12921,800,209,,520.0
2024-04-03,Facebook,25403,168590,106223,19628,11910,737,193,,480.0
2024-04-04,Facebook,26188,173805,109509,20235,12279,760,199,,495.0
2024-04-05,Facebook,24459,162328,102277,18899,11468,710,186,,462.0
2024-04-06,Facebook,23268,185308,116757,21575,13091,810,212,,527.0
2024-04-07,Facebook,21940,174729,110091,20343,12344,764,200,,497.0
2024-04-08,Facebook,25618,170021,107125,19795,12011,743,195,,484.0
2024-04-09,Facebook,28434,188705,118897,21970,13331,825,216,,537.0
2024-04-10,Facebook,28113,186576,117555,21722,13181,816,214,,531.0
2024-04-11,Facebook,24603,163283,102879,19010,11535,714,187,,465.0
2024-04-12,Facebook,23024,152804,96276,17790,10795,668,175,,435.0
2024-04-13,Facebook,29631,235984,148686,27475,16671,1032,270,,672.0
2024-04-14,Facebook,29736,236821,149213,27572,16731,1036,271,,674.0
2024-04-15,Facebook,26211,173952,109601,20252,12289,761,199,,495.0
2024-04-16,Facebook,24040,159547,100525,18575,11271,698,183,,454.0
2024-04-17,Facebook,28313,187904,118392,21877,13275,822,215,,535.0
2024-04-18,Facebook,27123,180007,113417,20958,12717,787,206,,512.0
2024-04-19,Facebook,21475,142524,89800,16593,10069,623,163,,405.0
2024-04-20,Facebook,27521,219177,138096,25518,15484,959,251,,624.0
2024-04-21,Facebook,27280,217262,136889,25295,15349,950,249,,618.0
2024-04-22,Facebook,22554,149688,94313,17427,10575,654,171,,426.0
2024-04-23,Facebook,30625,203248,128060,23663,14359,889,233,,578.0
2024-04-24,Facebook,22237,147581,92986,17182,10426,645,169,,420.0
2024-04-25,Facebook,22119,146800,92494,17091,10371,642,168,,418.0
2024-04-26,Facebook,25722,170706,107556,19875,12060,746,195,,486.0
2024-04-27,Facebook,22133,176267,111060,20522,12452,771,202,,502.0
2024-04-28,Facebook,20955,166888,105151,19430,11790,730,191,,475.0
2024-04-29,Facebook,27049,179519,113109,20901,12682,785,205,,511.0
2024-04-30,Facebook,31276,207571,130784,24167,14664,908,238,,591.0
2024-05-01,Facebook,23476,155804,98167,18140,11007,681,178,,443.0
2024-05-02,Facebook,22662,150403,94764,17511,10625,658,172,,428.0
2024-05-03,Facebook,29438,195370,123096,22746,13802,854,224,,556.0
2024-05-04,Facebook,27485,218890,137915,25485,15464,957,251,,623.0
2024-05-05,Facebook,28509,227048,143055,26434,16040,993,260,,646.0
2024-05-06,Facebook,21137,140280,88386,16332,9910,613,160,,399.0
2024-05-07,Facebook,28660,190206,119843,22145,13437,832,218,,541.0
2024-05-08,Facebook,26336,174785,110126,20350,12348,764,200,,497.0
2024-05-09,Facebook,21362,141774,89327,16506,10016,620,162,,403.0
2024-05-10,Facebook,29333,194676,122659,22665,13753,851,223,,554.0
2024-05-11,Facebook,26425,210453,132599,24502,14868,920,241,,599.0
2024-05-12,Facebook,22829,181810,114553,21167,12844,795,208,,517.0
2024-05-13,Facebook,26481,175750,110734,20462,12416,769,201,,500.0
2024-05-14,Facebook,26901,178531,112486,20786,12612,781,204,,508.0
2024-05-15,Facebook,29444,195409,123121,22751,13805,855,224,,556.0
2024-05-16,Facebook,23707,157334,99131,18318,11115,688,180,,448.0
2024-05-17,Facebook,24257,160988,101433,18743,11373,704,184,,458.0
2024-05-18,Facebook,28139,224099,141198,26091,15832,980,257,,638.0
2024-05-19,Facebook,30004,238957,150559,27821,16881,1045,274,,680.0
2024-05-20,Facebook,29434,195341,123078,22743,13800,854,224,,556.0
2024-05-21,Facebook,31510,209120,131759,24347,14773,915,239,,595.0
2024-05-22,Facebook,22000,146006,91993,16999,10315,638,167,,415.0
2024-05-23,Facebook,28327,187998,118451,21888,13281,822,215,,535.0
2024-05-24,Facebook,25078,166438,104867,19378,11758,728,190,,474.0
2024-05-25,Facebook,26111,207948,131021,24211,14691,909,238,,592.0
2024-05-26,Facebook,31607,251721,158601,29307,17783,1101,288,,716.0
2024-05-27,Facebook,29457,195500,123178,22761,13811,855,224,,556.0
2024-05-28,Facebook,30321,201232,126789,23429,14216,880,230,,573.0
2024-05-29,Facebook,28927,191977,120958,22351,13562,840,220,,546.0
2024-05-30,Facebook,31445,208690,131488,24297,14743,913,239,,594.0
2024-05-31,Facebook,26421,175346,110480,20415,12387,767,201,,499.0
2024-06-01,Facebook,24308,193589,121974,22539,13676,847,222,,551.0
2024-06-02,Facebook,21895,174372,109866,20301,12319,762,200,,496.0
2024-06-03,Facebook,21854,145039,91384,16886,10246,634,166,,413.0
2024-06-04,Facebook,23770,157756,99397,18367,11145,690,180,,449.0
2024-06-05,Facebook,31495,209022,131698,24336,14767,914,239,,595.0
2024-06-06,Facebook,29771,197578,124487,23003,13958,864,226,,562.0
2024-06-07,Facebook,26676,177042,111548,20612,12507,774,203,,504.0
2024-06-08,Facebook,28480,226816,142909,26407,16024,992,260,,646.0
2024-06-09,Facebook,22265,177318,111722,20644,12527,775,203,,505.0
2024-06-10,Facebook,24636,163503,103018,19036,11551,715,187,,465.0
2024-06-11,Facebook,31036,205977,129779,23981,14551,901,236,,586.0
2024-06-12,Facebook,32239,213961,134810,24911,15116,936,245,,609.0
2024-06-13,Facebook,25449,168896,106416,19664,11932,739,193,,481.0
2024-06-14,Facebook,31441,208666,131473,24294,14741,913,239,,594.0
2024-06-15,Facebook,24456,194770,122718,22676,13760,852,223,,554.0
2024-06-16,Facebook,28264,225096,141825,26207,15902,984,258,,641.0
2024-06-17,Facebook,28780,191003,120345,22238,13494,835,219,,544.0
2024-06-18,Facebook,31870,211513,133267,24626,14943,925,242,,602.0
2024-06-19,Facebook,31169,206861,130336,24084,14614,905,237,,589.0
2024-06-20,Facebook,32281,214242,134987,24943,15135,937,245,,610.0
2024-06-21,Facebook,29625,196613,123880,22891,13890,860,225,,560.0
2024-06-22,Facebook,30349,241698,152286,28140,17075,1057,277,,688.0
2024-06-23,Facebook,28148,224175,141245,26100,15837,980,257,,638.0
2024-06-24,Facebook,23774,157780,99412,18370,11146,690,180,,449.0
2024-06-25,Facebook,28617,189921,119663,22112,13417,831,217,,540.0
2024-06-26,Facebook,31985,212273,133746,24714,14996,928,243,,604.0
2024-06-27,Facebook,32174,213529,134537,24860,15085,934,244,,608.0
2024-06-28,Facebook,31174,206893,130357,24088,14616,905,237,,589.0
2024-06-29,Facebook,30828,245518,154693,28585,17345,1074,281,,699.0
2024-06-30,Facebook,26541,211377,133182,24610,14933,924,242,,602.0
2024-07-01,Facebook,26585,176439,111168,20542,12465,772,202,,502.0
2024-07-02,Facebook,26424,175368,110494,20417,12389,767,201,,499.0
2024-07-03,Facebook,30892,205022,129177,23870,14484,897,235,,583.0
2024-07-04,Facebook,25752,170908,107684,19898,12074,747,196,,486.0
2024-07-05,Facebook,22259,147729,93079,17199,10436,646,169,,420.0
2024-07-06,Facebook,23130,184208,116063,21447,13014,806,211,,524.0
2024-07-07,Facebook,24784,197383,124365,22981,13944,863,226,,562.0
2024-07-08,Facebook,32510,215758,135942,25120,15242,944,247,,614.0
2024-07-09,Facebook,27913,185247,116718,21568,13087,810,212,,527.0
2024-07-10,Facebook,26350,174875,110183,20360,12354,765,200,,498.0
2024-07-11,Facebook,28538,189396,119332,22051,13380,828,217,,539.0
2024-07-12,Facebook,25301,167917,105799,19550,11863,734,192,,478.0
2024-07-13,Facebook,23676,188561,118806,21953,13321,825,216,,537.0
2024-07-14,Facebook,24619,196069,123537,22828,13851,857,224,,558.0
2024-07-15,Facebook,30610,203150,127998,23652,14352,888,233,,578.0
2024-07-16,Facebook,28827,191319,120544,22275,13516,837,219,,544.0
2024-07-17,Facebook,31399,208388,131299,24262,14722,911,239,,593.0
2024-07-18,Facebook,32604,216383,136336,25193,15287,946,248,,616.0
2024-07-19,Facebook,31407,208435,131328,24267,14725,912,239,,593.0
2024-07-20,Facebook,28199,224579,141499,26147,15866,982,257,,639.0
2024-07-21,Facebook,28708,228635,144055,26619,16152,1000,262,,651.0
2024-07-22,Facebook,26106,173259,109165,20172,12240,758,198,,493.0
2024-07-23,Facebook,24262,161019,101452,18747,11375,704,184,,458.0
2024-07-24,Facebook,32263,214118,134909,24929,15127,936,245,,609.0
2024-07-25,Facebook,32933,218568,137713,25447,15441,956,250,,622.0
2024-07-26,Facebook,31539,209311,131880,24369,14787,915,240,,596.0
2024-07-27,Facebook,33874,269777,169978,31409,19059,1180,309,,768.0
2024-07-28,Facebook,29710,236611,149080,27548,16716,1035,271,,673.0
2024-07-29,Facebook,25179,167106,105288,19455,11805,731,191,,475.0
2024-07-30,Facebook,33859,224709,141582,26162,15875,983,257,,640.0
2024-07-31,Facebook,27861,184905,116502,21528,13063,809,212,,526.0
2024-08-01,Facebook,22703,150672,94933,17542,10644,659,172,,429.0
2024-08-02,Facebook,31852,211391,133190,24611,14934,924,242,,602.0
2024-08-03,Facebook,32879,261847,164981,30486,18499,1145,300,,745.0
2024-08-04,Facebook,30568,243445,153387,28343,17199,1065,279,,693.0
2024-08-05,Facebook,26318,174668,110052,20336,12340,764,200,,497.0
2024-08-06,Facebook,33868,224771,141621,26169,15879,983,257,,640.0
2024-08-07,Facebook,32457,215404,135719,25079,15217,942,247,,613.0
2024-08-08,Facebook,25586,169810,106991,19770,11996,743,194,,483.0
2024-08-09,Facebook,25446,168880,106406,19662,11931,738,193,,481.0
2024-08-10,Facebook,28084,223662,140922,26040,15801,978,256,,637.0
2024-08-11,Facebook,24318,193670,122025,22548,13682,847,222,,551.0
2024-08-12,Facebook,26461,175616,110650,20446,12406,768,201,,500.0
2024-08-13,Facebook,23660,157026,98937,18282,11093,687,180,,447.0
2024-08-14,Facebook,31461,208800,131558,24310,14751,913,239,,594.0
2024-08-15,Facebook,27267,180964,114020,21069,12784,791,207,,515.0
2024-08-16,Facebook,31526,209227,131827,24360,14781,915,240,,595.0
2024-08-17,Facebook,25837,205770,129649,23957,14537,900,236,,586.0
2024-08-18,Facebook,34187,272266,171546,31699,19235,1191,312,,775.0
2024-08-19,Facebook,32550,216021,136108,25151,15261,945,247,,615.0
2024-08-20,Facebook,23575,156459,98579,18216,11053,684,179,,445.0
2024-08-21,Facebook,29308,194505,122551,22646,13741,851,223,,554.0
2024-08-22,Facebook,23684,157183,99036,18300,11104,687,180,,447.0
2024-08-23,Facebook,33058,219396,138234,25544,15500,960,251,,624.0
2024-08-24,Facebook,29651,236141,148785,27493,16683,1033,270,,672.0
2024-08-25,Facebook,26567,211582,133311,24634,14947,925,242,,602.0
2024-08-26,Facebook,24684,163824,103220,19073,11573,716,187,,466.0
2024-08-27,Facebook,24722,164075,103378,19103,11591,717,188,,467.0
2024-08-28,Facebook,30315,201191,126764,23424,14213,880,230,,573.0
2024-08-29,Facebook,25848,171545,108085,19972,12119,750,196,,488.0
2024-08-30,Facebook,26166,173653,109413,20218,12268,759,199,,494.0
2024-08-31,Facebook,33419,266147,167690,30987,18802,1164,305,,758.0
2024-09-01,Facebook,30138,240024,151231,27945,16957,1050,275,,683.0
2024-09-02,Facebook,31203,207087,130479,24110,14630,906,237,,589.0
2024-09-03,Facebook,26289,174472,109929,20313,12326,763,200,,496.0
2024-09-04,Facebook,29435,195351,123084,22744,13801,854,224,,556.0
2024-09-05,Facebook,28587,189726,119540,22089,13403,830,217,,540.0
2024-09-06,Facebook,33837,224565,141491,26145,15865,982,257,,639.0
2024-09-07,Facebook,29979,238755,150432,27797,16867,1044,273,,680.0
2024-09-08,Facebook,26386,210136,132399,24465,14845,919,241,,598.0
2024-09-09,Facebook,33033,219231,138130,25524,15488,959,251,,624.0
2024-09-10,Facebook,30711,203822,128422,23730,14399,891,233,,580.0
2024-09-11,Facebook,29397,195097,122924,22714,13783,853,223,,555.0
2024-09-12,Facebook,33261,220744,139084,25700,15595,965,253,,628.0
2024-09-13,Facebook,26490,175808,110771,20469,12420,769,201,,500.0
2024-09-14,Facebook,29171,232320,146377,27048,16413,1016,266,,661.0
2024-09-15,Facebook,32841,261545,164791,30451,18477,1144,300,,744.0
2024-09-16,Facebook,34506,229007,144289,26662,16178,1002,262,,652.0
2024-09-17,Facebook,27874,184988,116555,21537,13069,809,212,,526.0
2024-09-18,Facebook,32148,213357,134429,24840,15073,933,244,,607.0
2024-09-19,Facebook,31721,210522,132643,24510,14873,921,241,,599.0
2024-09-20,Facebook,27239,180778,113902,21047,12771,791,207,,514.0
2024-09-21,Facebook,32886,261903,165016,30492,18503,1145,300,,745.0
2024-09-22,Facebook,32076,255453,160952,29742,18047,1117,293,,727.0
2024-09-23,Facebook,28700,190473,120011,22176,13456,833,218,,542.0
2024-09-24,Facebook,29643,196734,123955,22905,13898,860,225,,560.0
2024-09-25,Facebook,28464,188905,119023,21993,13345,826,216,,538.0
2024-09-26,Facebook,31825,211210,133077,24590,14921,924,242,,601.0
2024-09-27,Facebook,32745,217315,136923,25301,15352,950,249,,618.0
2024-09-28,Facebook,25955,206710,130241,24066,14603,904,237,,588.0
2024-09-29,Facebook,28007,223047,140534,25969,15757,975,255,,635.0
2024-09-30,Facebook,33339,221260,139409,25760,15631,968,253,,630.0
2024-10-01,Facebook,27819,184629,116329,21496,13043,807,211,,525.0
2024-10-02,Facebook,33131,219880,138539,25600,15534,962,252,,626.0
2024-10-03,Facebook,35573,236087,148751,27487,16679,1033,270,,672.0
2024-10-04,Facebook,29762,197521,124452,22997,13954,864,226,,562.0
2024-10-05,Facebook,25478,202904,127843,23623,14334,887,232,,577.0
2024-10-06,Facebook,28249,224974,141749,26193,15894,984,258,,640.0
2024-10-07,Facebook,28479,189005,119086,22005,13352,827,216,,538.0
2024-10-08,Facebook,27792,184448,116214,21475,13030,807,211,,525.0
2024-10-09,Facebook,32928,218535,137692,25443,15439,956,250,,622.0
2024-10-10,Facebook,24201,160614,101198,18700,11347,702,184,,457.0
2024-10-11,Facebook,30425,201923,127225,23509,14265,883,231,,575.0
2024-10-12,Facebook,28950,230560,145268,26843,16288,1008,264,,656.0
2024-10-13,Facebook,32401,258046,162586,30043,18230,1129,295,,735.0
2024-10-14,Facebook,25081,166458,104880,19380,11760,728,190,,474.0
2024-10-15,Facebook,30900,205074,129210,23876,14488,897,235,,584.0
2024-10-16,Facebook,32036,212612,133959,24754,15020,930,243,,605.0
2024-10-17,Facebook,25922,172036,108394,20029,12154,752,197,,490.0
2024-10-18,Facebook,26731,177406,111777,20655,12533,776,203,,505.0
2024-10-19,Facebook,34029,271009,170754,31553,19146,1185,310,,771.0
2024-10-20,Facebook,29691,236457,148984,27530,16705,1034,271,,673.0
2024-10-21,Facebook,25633,170119,107186,19806,12018,744,195,,484.0
2024-10-22,Facebook,34924,231778,146036,26985,16374,1014,265,,660.0
2024-10-23,Facebook,36245,240547,151561,28006,16994,1052,275,,685.0
2024-10-24,Facebook,31493,209011,131691,24334,14766,914,239,,595.0
2024-10-25,Facebook,27665,183602,115681,21376,12971,803,210,,522.0
2024-10-26,Facebook,32276,257050,161959,29928,18160,1124,294,,732.0
2024-10-27,Facebook,25602,203897,128469,23739,14405,892,233,,580.0
2024-10-28,Facebook,34301,227644,143431,26504,16082,996,261,,648.0
2024-10-29,Facebook,32174,213526,134536,24860,15085,934,244,,608.0
2024-10-30,Facebook,31299,207721,130878,24184,14675,908,238,,591.0
2024-10-31,Facebook,27686,183741,115769,21392,12981,803,210,,523.0
2024-11-01,Facebook,28406,188522,118782,21949,13318,824,216,,536.0
2024-11-02,Facebook,36375,289694,182526,33728,20466,1267,332,,825.0
2024-11-03,Facebook,33159,264080,166388,30746,18656,1155,302,,752.0
2024-11-04,Facebook,33617,223103,140570,25975,15761,976,255,,635.0
2024-11-05,Facebook,34494,228928,144240,26653,16173,1001,262,,652.0
2024-11-06,Facebook,33281,220874,139165,25716,15604,966,253,,629.0
2024-11-07,Facebook,27646,183476,115602,21361,12962,802,210,,522.0
2024-11-08,Facebook,28326,187989,118446,21887,13281,822,215,,535.0
2024-11-09,Facebook,29952,238540,150296,27772,16852,1043,273,,679.0
2024-11-10,Facebook,28762,229064,144326,26669,16183,1002,262,,652.0
2024-11-11,Facebook,25331,168114,105923,19573,11877,735,192,,478.0
2024-11-12,Facebook,31825,211210,133076,24590,14921,924,242,,601.0
2024-11-13,Facebook,30335,201322,126846,23439,14223,880,230,,573.0
2024-11-14,Facebook,29420,195249,123020,22732,13794,854,223,,556.0
2024-11-15,Facebook,35148,233267,146974,27158,16479,1020,267,,664.0
2024-11-16,Facebook,31786,253148,159500,29473,17884,1107,290,,721.0
2024-11-17,Facebook,32744,260773,164304,30361,18423,1141,299,,742.0
2024-11-18,Facebook,32035,212604,133955,24753,15020,930,243,,605.0
2024-11-19,Facebook,32625,216525,136425,25209,15297,947,248,,616.0
2024-11-20,Facebook,31958,212093,133632,24693,14984,928,243,,604.0
2024-11-21,Facebook,36443,241863,152390,28159,17087,1058,277,,688.0
2024-11-22,Facebook,33702,223670,140927,26041,15801,978,256,,637.0
2024-11-23,Facebook,25967,206801,130298,24077,14610,904,237,,589.0
2024-11-24,Facebook,36703,292306,184172,34032,20650,1279,335,,832.0
2024-11-25,Facebook,32272,214179,134947,24936,15131,937,245,,610.0
2024-11-26,Facebook,36159,239974,151200,27939,16953,1050,275,,683.0
2024-11-27,Facebook,28008,185883,117119,21642,13132,813,213,,529.0
2024-11-28,Facebook,25680,170432,107384,19843,12040,745,195,,485.0
2024-11-29,Facebook,29864,198199,124878,23076,14002,867,227,,564.0
2024-11-30,Facebook,28616,227903,143594,26534,16100,997,261,,649.0
2024-12-01,Facebook,33693,268333,169068,31241,18957,1174,307,,764.0
2024-12-02,Facebook,36730,243768,153590,28381,17221,1066,279,,694.0
2024-12-03,Facebook,30306,201133,126727,23417,14209,880,230,,572.0
2024-12-04,Facebook,28099,186486,117498,21712,13174,815,213,,531.0
2024-12-05,Facebook,35610,236335,148907,27516,16696,1034,271,,673.0
2024-12-06,Facebook,31735,210614,132701,24521,14879,921,241,,599.0
2024-12-07,Facebook,36505,290727,183177,33848,20539,1272,333,,828.0
2024-12-08,Facebook,28355,225822,142283,26292,15953,988,259,,643.0
2024-12-09,Facebook,31441,208667,131474,24294,14742,913,239,,594.0
2024-12-10,Facebook,35663,236684,149127,27556,16721,1035,271,,674.0
2024-12-11,Facebook,26947,178836,112679,20821,12634,782,205,,509.0
2024-12-12,Facebook,28836,191378,120581,22281,13520,837,219,,545.0
2024-12-13,Facebook,25520,169371,106715,19719,11965,741,194,,482.0
2024-12-14,Facebook,32602,259642,163592,30229,18343,1136,297,,739.0
2024-12-15,Facebook,31370,249829,157409,29087,17650,1093,286,,711.0
2024-12-16,Facebook,30769,204207,128664,23775,14426,893,234,,581.0
2024-12-17,Facebook,33403,221688,139678,25810,15661,970,254,,631.0
2024-12-18,Facebook,37009,245617,154755,28596,17352,1074,281,,699.0
2024-12-19,Facebook,33597,222975,140489,25960,15752,975,255,,635.0
2024-12-20,Facebook,37684,250095,157576,29118,17668,1094,286,,712.0
2024-12-21,Facebook,30710,244576,154099,28475,17278,1070,280,,696.0
2024-12-22,Facebook,35271,280901,176986,32704,19845,1229,322,,800.0
2024-12-23,Facebook,27393,181802,114547,21166,12844,795,208,,517.0
2024-12-24,Facebook,28709,190530,120047,22183,13460,833,218,,542.0
2024-12-25,Facebook,36347,241224,151987,28085,17042,1055,276,,687.0
2024-12-26,Facebook,31954,212072,133619,24691,14982,927,243,,604.0
2024-12-27,Facebook,27078,179710,113229,20923,12696,786,206,,511.0
2024-12-28,Facebook,28473,226763,142876,26401,16020,992,260,,645.0
2024-12-29,Facebook,32214,256552,161645,29870,18125,1122,294,,730.0
2024-12-30,Facebook,28911,191875,120894,22339,13555,839,220,,546.0
2024-12-31,Facebook,30717,203860,128446,23735,14402,892,233,,580.0
